url_NO2,url_PM25
https://data.london.gov.uk/download/long-term-health-impacts-of-air-pollution/966db1d6-4fa1-40bf-adea-3e1a9746101b/Barking%20NO2.xlsm,https://data.london.gov.uk/download/long-term-health-impacts-of-air-pollution/bfbe73c1-7a4f-42ea-b2fb-5a81c5448515/Barking%20PM25.xlsm
https://data.london.gov.uk/download/long-term-health-impacts-of-air-pollution/5090e4cb-dce5-4fff-9ab2-769017900a44/Barnet%20NO2.xlsm,https://data.london.gov.uk/download/long-term-health-impacts-of-air-pollution/eb419416-a50f-476e-bd3e-337d060fff5f/Barnet%20PM25.xlsm
https://data.london.gov.uk/download/long-term-health-impacts-of-air-pollution/5bcb3c29-b2ef-4e76-91f3-04f593f55d99/Bexley%20NO2.xlsm,https://data.london.gov.uk/download/long-term-health-impacts-of-air-pollution/9c6e7eb7-6192-45dc-9a13-f271ac00bb60/Bexley%20PM25.xlsm
https://data.london.gov.uk/download/long-term-health-impacts-of-air-pollution/bb986d10-4227-4caf-9e37-c4fb2b7b61ac/Brent%20NO2.xlsm,https://data.london.gov.uk/download/long-term-health-impacts-of-air-pollution/6b2b451c-ae85-45e5-a0ef-26640095c666/Brent%20PM25.xlsm
https://data.london.gov.uk/download/long-term-health-impacts-of-air-pollution/a076d677-5ce6-401b-8dfe-33e8ae25478e/Bromley%20NO2.xlsm,https://data.london.gov.uk/download/long-term-health-impacts-of-air-pollution/f6bc3575-cc2f-4714-b635-0f0ef5ea02dc/Bromley%20PM25.xlsm
https://data.london.gov.uk/download/long-term-health-impacts-of-air-pollution/ee58fb6e-81d5-4131-9a48-bc32742668e8/Camden%20NO2.xlsm,https://data.london.gov.uk/download/long-term-health-impacts-of-air-pollution/750f53f4-55f0-4931-89e6-6b215535b7cf/Camden%20PM25.xlsm
https://data.london.gov.uk/download/long-term-health-impacts-of-air-pollution/1eee223a-8ce7-41f5-8ad0-4c649e136ace/City%20of%20London%20NO2.xlsm,https://data.london.gov.uk/download/long-term-health-impacts-of-air-pollution/33eab781-75e2-47d5-a5fc-91dd600777ee/City%20of%20London%20PM25.xlsm
https://data.london.gov.uk/download/long-term-health-impacts-of-air-pollution/ad4161c1-691f-4188-8628-87325bfde147/Croydon%20NO2.xlsm,https://data.london.gov.uk/download/long-term-health-impacts-of-air-pollution/5a474d3e-f3e2-44e9-af30-78902aecccae/Croydon%20PM25.xlsm
https://data.london.gov.uk/download/long-term-health-impacts-of-air-pollution/163d6fec-ffce-4812-965e-0ee3762fb5dc/Ealing%20NO2.xlsm,https://data.london.gov.uk/download/long-term-health-impacts-of-air-pollution/377c2852-84a6-4490-b196-3362697afbb3/Ealing%20PM25.xlsm
https://data.london.gov.uk/download/long-term-health-impacts-of-air-pollution/de672479-3c6d-4afa-b26e-29e8001d0884/Enfield%20NO2.xlsm,https://data.london.gov.uk/download/long-term-health-impacts-of-air-pollution/c5a01ea1-0d9c-4b0a-ae43-fb27e7029bc9/Enfield%20PM25.xlsm
https://data.london.gov.uk/download/long-term-health-impacts-of-air-pollution/7c74b5ea-9833-4309-ab3e-549399b04810/Greenwich%20NO2.xlsm,https://data.london.gov.uk/download/long-term-health-impacts-of-air-pollution/8adb68e1-a018-4529-a852-4c613d906c57/Greenwich%20PM25.xlsm
https://data.london.gov.uk/download/long-term-health-impacts-of-air-pollution/ac01ead8-5ea5-4c98-ad25-40b395fcaaf3/Hackney%20NO2.xlsm,https://data.london.gov.uk/download/long-term-health-impacts-of-air-pollution/eec6f274-25d8-42c2-8f28-39ee62dcf20b/Hackney%20PM25.xlsm
https://data.london.gov.uk/download/long-term-health-impacts-of-air-pollution/28d0e4f1-c412-427e-bc42-86cbfc420594/Hammersmith%20and%20Fulham%20NO2.xlsm,https://data.london.gov.uk/download/long-term-health-impacts-of-air-pollution/ebcb6ea2-21a5-41fb-a699-f97ed8f3c812/Hammersmith%20and%20Fulham%20PM25.xlsm
https://data.london.gov.uk/download/long-term-health-impacts-of-air-pollution/5a708cfc-dee9-4887-87a0-6f0b9fdd633b/Haringey%20NO2.xlsm,https://data.london.gov.uk/download/long-term-health-impacts-of-air-pollution/d3ca106a-3bf0-452b-9534-750e9397fa17/Haringey%20PM25.xlsm
https://data.london.gov.uk/download/long-term-health-impacts-of-air-pollution/5db015e3-0208-4925-a5a6-2b636873c95a/Harrow%20NO2.xlsm,https://data.london.gov.uk/download/long-term-health-impacts-of-air-pollution/f166a87b-24c1-4dce-82fa-152d6a389c68/Harrow%20PM25.xlsm
https://data.london.gov.uk/download/long-term-health-impacts-of-air-pollution/2368a174-15b3-4422-b69b-ce8365b33413/Havering%20NO2.xlsm,https://data.london.gov.uk/download/long-term-health-impacts-of-air-pollution/21e6250f-aad7-44a5-868d-ced72665f3df/Havering%20PM25.xlsm
https://data.london.gov.uk/download/long-term-health-impacts-of-air-pollution/94d908c4-d8e8-4f1d-92de-1afdecdfdf13/Hillingdon%20NO2.xlsm,https://data.london.gov.uk/download/long-term-health-impacts-of-air-pollution/4cbe28d5-2dc7-4142-9b50-332ba0f82db2/Hillingdon%20PM25.xlsm
https://data.london.gov.uk/download/long-term-health-impacts-of-air-pollution/43f84e75-5d4f-4f93-a00b-9f0288f12665/Hounslow%20NO2.xlsm,https://data.london.gov.uk/download/long-term-health-impacts-of-air-pollution/d7d28e5e-6ceb-479f-a366-7ba8b0dbc681/Hounslow%20PM25.xlsm
https://data.london.gov.uk/download/long-term-health-impacts-of-air-pollution/16597284-636c-42a6-ad0f-a138209852f9/Islington%20NO2.xlsm,https://data.london.gov.uk/download/long-term-health-impacts-of-air-pollution/1bae4fa0-0b2b-4ad6-adcf-012d292c14c6/Islington%20PM25.xlsm
https://data.london.gov.uk/download/long-term-health-impacts-of-air-pollution/8f040346-97a8-430a-aebf-b462159cea10/Kensington%20and%20Chelsea%20NO2.xlsm,https://data.london.gov.uk/download/long-term-health-impacts-of-air-pollution/40e1fcd1-c09c-478f-aee2-72c495986c1c/Kensington%20and%20Chelsea%20PM25.xlsm
https://data.london.gov.uk/download/long-term-health-impacts-of-air-pollution/e0c76c4d-3d0d-46ea-8e82-5b847719f848/Kingston%20upon%20Thames%20NO2.xlsm,https://data.london.gov.uk/download/long-term-health-impacts-of-air-pollution/a1ad697c-2dd6-4984-8f97-3b68f7ab7b6f/Kingston%20upon%20Thames%20PM25.xlsm
https://data.london.gov.uk/download/long-term-health-impacts-of-air-pollution/481bf269-6b4c-43c9-943c-a81e33005112/Lambeth%20NO2.xlsm,https://data.london.gov.uk/download/long-term-health-impacts-of-air-pollution/805e5e32-6e46-47ad-96aa-89c903c1a207/Lambeth%20PM25.xlsm
https://data.london.gov.uk/download/long-term-health-impacts-of-air-pollution/bada43e4-981c-450c-a856-bee96735ac69/Lewisham%20NO2.xlsm,https://data.london.gov.uk/download/long-term-health-impacts-of-air-pollution/40cebe32-05ff-4a0b-97be-fe0f63882b82/Lewisham%20PM25.xlsm
https://data.london.gov.uk/download/long-term-health-impacts-of-air-pollution/b9a952f6-c28f-4cd5-8fcc-5dd035300338/Merton%20NO2.xlsm,https://data.london.gov.uk/download/long-term-health-impacts-of-air-pollution/364349d1-3d4f-4dbc-9f73-f81d9eb87e0c/Merton%20PM25.xlsm
https://data.london.gov.uk/download/long-term-health-impacts-of-air-pollution/31a9dc8e-4a8e-4e9b-9609-242990135cc3/Newham%20NO2.xlsm,https://data.london.gov.uk/download/long-term-health-impacts-of-air-pollution/a94b1d7b-0bbc-49dd-908f-1618908b51ec/Newham%20PM25.xlsm
https://data.london.gov.uk/download/long-term-health-impacts-of-air-pollution/97f3fc81-ea61-40b6-a8a7-6e5b44f9ea24/Redbridge%20NO2.xlsm,https://data.london.gov.uk/download/long-term-health-impacts-of-air-pollution/9a612b26-4917-44c8-a3ac-36c7ee35ee92/Redbridge%20PM25.xlsm
https://data.london.gov.uk/download/long-term-health-impacts-of-air-pollution/cc923c32-5dc5-4f0a-aa91-5d9b7895dc81/Richmond%20upon%20Thames%20NO2.xlsm,https://data.london.gov.uk/download/long-term-health-impacts-of-air-pollution/d473d3d8-34c2-40a6-bbf0-5b8e6847bd23/Richmond%20upon%20Thames%20PM25.xlsm
https://data.london.gov.uk/download/long-term-health-impacts-of-air-pollution/3f2d14cb-112c-4d65-b986-ae154a74485c/Southwark%20NO2.xlsm,https://data.london.gov.uk/download/long-term-health-impacts-of-air-pollution/d7fd96d9-b8db-4a9f-a292-b662dcd3b9e8/Southwark%20PM25.xlsm
https://data.london.gov.uk/download/long-term-health-impacts-of-air-pollution/05552039-d59e-45db-baef-a695d15da651/Sutton%20NO2.xlsm,https://data.london.gov.uk/download/long-term-health-impacts-of-air-pollution/68292234-2815-4b2b-a5a3-dc41d14d4b27/Sutton%20PM25.xlsm
https://data.london.gov.uk/download/long-term-health-impacts-of-air-pollution/6bf019b2-48a4-4507-9868-32197aeac589/Tower%20Hamlets%20NO2.xlsm,https://data.london.gov.uk/download/long-term-health-impacts-of-air-pollution/21f44588-af2d-463a-b7b5-7e7a84e17336/Tower%20Hamlets%20PM25.xlsm
https://data.london.gov.uk/download/long-term-health-impacts-of-air-pollution/9ba2423a-bd2a-49b9-a75f-d10291611c8d/Waltham%20Forest%20NO2.xlsm,https://data.london.gov.uk/download/long-term-health-impacts-of-air-pollution/41a727ea-4c0c-4110-9413-95965616c6c3/Waltham%20Forest%20PM25.xlsm
https://data.london.gov.uk/download/long-term-health-impacts-of-air-pollution/07913688-e37e-4260-82e6-5aeadeb0245b/Wandsworth%20NO2.xlsm,https://data.london.gov.uk/download/long-term-health-impacts-of-air-pollution/b99bcda6-845f-43fe-a6d8-e43aad35e4b0/Wandsworth%20PM25.xlsm
https://data.london.gov.uk/download/long-term-health-impacts-of-air-pollution/7bb715eb-da70-4d3a-9086-ef2593581a76/Westminster%20NO2.xlsm,https://data.london.gov.uk/download/long-term-health-impacts-of-air-pollution/68a2d33e-62fb-4240-afa9-5786e1aec6d0/Westminster%20PM25.xlsm
